endpoint_name,unit,action,path,first,last,nights
host-423b,unit-romeo,File not found or no permissions,/home/user6405/.local/share/evolution/mail/local/cur/1773731387.41169_0.EPLFOXSS,2026-09-01 01:15:01,2026-09-19 01:15:01,14
host-b4da,unit-india,Quarantined and deleted,/home/user6aa0/.local/share/recently-used.xbel,2026-09-01 01:15:01,2026-09-22 01:15:01,12
host-942d,unit-charlie,Quarantined and deleted,/home/userd103/.local/share/recently-used.xbel,2026-09-01 01:15:02,2026-09-01 01:15:02,1
host-38aa,unit-romeo,Quarantined and deleted,/home/user/.local/share/recently-used.xbel,2026-09-05 01:15:01,2026-09-05 01:15:01,1
host-d29a,unit-romeo,Quarantined and deleted,/home/usera195/Downloads/win-lbp623-621-fw-v1301(1).exe,2026-09-07 01:15:01,2026-09-07 01:15:01,1
host-fe94,unit-romeo,Quarantined and deleted,/home/user6405/.local/share/recently-used.xbel,2026-09-09 01:15:01,2026-09-09 01:15:01,1
host-2fe4,unit-juliett,Quarantined and deleted,/home/user997a/.local/share/recently-used.xbel,2026-09-09 01:15:01,2026-09-09 01:15:01,1
host-9a4f,unit-bravo,Quarantined and deleted,/home/user6405/Desktop/DOWNLOAD FOLDER/Projects/Documents/Final_Documents.zip,2026-09-10 01:15:01,2026-09-10 01:15:01,1
host-9a4f,unit-bravo,Quarantined and deleted,/home/user6405/Desktop/DOWNLOAD FOLDER/Documents/Final_Documents.zip,2026-09-10 01:15:01,2026-09-10 01:15:01,1
host-b3df,unit-hotel,Quarantined and deleted,/home/user/.local/share/recently-used.xbel,2026-09-12 01:15:01,2026-09-12 01:15:01,1
host-38aa,unit-romeo,Quarantined and deleted,/home/user6405/.local/share/recently-used.xbel,2026-09-15 01:15:01,2026-09-19 01:15:01,5
host-58bb,unit-golf,Quarantined and deleted,/home/usera46a/.local/share/recently-used.xbel,2026-09-19 01:15:01,2026-09-19 01:15:01,1
host-4c8d,unit-papa,Quarantined and deleted,/home/userd0ab/Downloads/hp_LJ1020_Full_Solution-v2012_918_1_57980.exe,2026-09-21 01:15:01,2026-09-21 01:15:01,1
host-4c8d,unit-papa,Quarantined and deleted,/home/userd0ab/Downloads/hp_LJ1020_Full_Solution-v2012_918_1_57980(4).exe,2026-09-21 01:15:01,2026-09-21 01:15:01,1
host-4c8d,unit-papa,Quarantined and deleted,/home/userd0ab/Downloads/hp_LJ1020_Full_Solution-v2012_918_1_57980(3).exe,2026-09-21 01:15:01,2026-09-21 01:15:01,1
host-4c8d,unit-papa,Quarantined and deleted,/home/userd0ab/Downloads/hp_LJ1020_Full_Solution-v2012_918_1_57980(2).exe,2026-09-21 01:15:01,2026-09-21 01:15:01,1
host-4c8d,unit-papa,Quarantined and deleted,/home/userd0ab/Downloads/hp_LJ1020_Full_Solution-v2012_918_1_57980(1).exe,2026-09-21 01:15:01,2026-09-21 01:15:01,1
host-0b21,unit-bravo,Quarantined and deleted,/home/user5ee6/.local/share/recently-used.xbel,2026-09-22 01:15:01,2026-09-23 01:15:01,2
host-e103,unit-delta,Quarantined and deleted,/home/user/Desktop/printer/English/Strings.dll,2026-09-23 01:15:01,2026-09-23 01:15:01,1
host-e103,unit-delta,Quarantined and deleted,/home/user/Desktop/printer/Francais/zshp1020s.dll,2026-09-23 01:15:01,2026-09-23 01:15:01,1
host-e103,unit-delta,Quarantined and deleted,/home/user/Desktop/printer/launcher.exe,2026-09-23 01:15:01,2026-09-23 01:15:01,1
