endpoint_name,unit,file,sha256,quarantined_at,times_listed
host-b05e,unit-oscar,recently-used.xbel,5dd59e8309b4be90aad58871d82a5b3fb6dcd7ff19a7fb34587732512b28739d,2026-05-13 13:24,1
host-38aa,unit-romeo,recently-used.xbel,5e10b3490160cca0fc872f2b026d4b40bafc236852f83d30c9031899e50adc9c,2026-08-31 13:17,10
host-d14b,unit-foxtrot,53EDA42869D426262B752F088EA605187284ACE8,2e4dff1672bbabba74a0a99d54e38e56e036ce8471989583039b3c3e7edac0b7,2026-08-31 13:21,1
host-e783,unit-charlie,recently-used.xbel,5e10b3490160cca0fc872f2b026d4b40bafc236852f83d30c9031899e50adc9c,2026-08-31 13:35,9
host-b4da,unit-india,recently-used.xbel,5e10b3490160cca0fc872f2b026d4b40bafc236852f83d30c9031899e50adc9c,2026-09-01 13:17,18
host-942d,unit-charlie,recently-used.xbel,5e10b3490160cca0fc872f2b026d4b40bafc236852f83d30c9031899e50adc9c,2026-09-01 13:56,1
host-227c,unit-quebec,"Buy CP PLUS Dashboard Camera, Warranty NONE 1 year online _ Public Procurement Portal (PPP).pdf",18866b6f7308f73bc1b63193e50629bfd4fff701d6b9d3d2d6331b90e9162208,2026-09-03 11:25,2
host-56a6,unit-india,RAGHAV STNC STNA.pdf,a2beca1870ae689f4b046a20c3d8e2e48557d782dea53489b21a8b0adcef38be,2026-09-06 10:20,1
host-56a6,unit-india,RAGHAV STNA STNB.pdf,854b8f7716627df333e8ecfeae5887c02b3195658f7394573fe21b67e93e11be,2026-09-06 10:32,1
host-a656,unit-india,brprintconflsr3,6594cac08d03782ad43d6b293faff904f20032c8eb37a1b27b6caf57b1aeae5e,2026-09-07 10:57,5
host-a656,unit-india,rawtobr3,64efda7704564dd50c7514e74ef3c5252bc68af8f3b0d92358b64771980665af,2026-09-07 10:58,5
host-d29a,unit-romeo,win-lbp623-621-fw-v1301(1).exe,f475a7462dd85932ad7f99354751663d1543adb5e37c7c51ece78e10b6c37189,2026-09-07 13:57,1
host-4724,unit-kilo,Library Books.xlsx,98d119993c27068f00bdf18a17d6613ae6ce6046b6b6620979282c2662c4efbd,2026-09-08 21:19,1
host-fe94,unit-romeo,recently-used.xbel,5e10b3490160cca0fc872f2b026d4b40bafc236852f83d30c9031899e50adc9c,2026-09-09 13:15,1
host-2fe4,unit-juliett,recently-used.xbel,5e10b3490160cca0fc872f2b026d4b40bafc236852f83d30c9031899e50adc9c,2026-09-09 13:18,2
host-a616,unit-lima,webui-setup.js,e3d95016d065059105580ae8ba811cf4bb130b515b8c77e5e58cf95763ad938a,2026-09-10 13:30,2
host-a616,unit-lima,wallet_donation_driver.js,528c866fabbe17c30e9790a12ac09b94dd820ba4e46b0f9d9bb78a2795992f1c,2026-09-10 13:30,2
host-a616,unit-lima,wallet_checkout_autofill_driver.js,444d4db051edabd5abb29d93dcc5b07e0c662b03e2d785e4a28dfb7fc8032fc4,2026-09-10 13:30,2
host-a616,unit-lima,wallet-buynow.bundle.js,4aab5c4ac7a5cf0aab311362514cda20a2f3beb777a553756bf8ad8c7dfaa2bd,2026-09-10 13:30,2
host-a616,unit-lima,tokenized-card.bundle.js,39f5d83d7982cfae057053b0dcffa66fca12bee9769b1587a27e4387f56f29ec,2026-09-10 13:30,2
host-a616,unit-lima,shopping_iframe_driver.js,100d970fc784e9bcb37b707ec4ef69825b165a073659f4068070a165184a087f,2026-09-10 13:30,2
host-a616,unit-lima,runtime.bundle.js,569e425e7f048b1f769c22d65aa91427b69c3d248068af5e628cd9467ef250ca,2026-09-10 13:30,2
host-a616,unit-lima,notification_fast.bundle.js,876ede3dba963ec8e7b99252979f3825807187785abb3759b99e3d35e30693fd,2026-09-10 13:30,2
host-a616,unit-lima,miniwallet.bundle.js,6f47d71e9ee52102a57e892441333ce18f60ba3e356c565b4742ff12e465234a,2026-09-10 13:30,2
host-a616,unit-lima,load-hub-i18n.bundle.js,036965c24ac54284e0bfac480395c91214e7b3c64d00215266a75e8977140f10,2026-09-10 13:30,2
host-a616,unit-lima,load-ec-i18n.bundle.js,56bada50510d97878d514009279c3a662d9894a21c344fea8f9f9c5e3094614f,2026-09-10 13:30,2
host-a616,unit-lima,load-ec-deps.bundle.js,f2bf148b4d999cb41ec764960ee718e0c9986a749f3b7be372ad86cf98f323de,2026-09-10 13:30,2
host-a616,unit-lima,notification.bundle.js,b5aa710d917ed708f370fe187bbc5fc452e3bb66af0ed4f642e54cd155e86524,2026-09-10 13:30,2
host-a616,unit-lima,crypto.bundle.js,8e661de94430dc0293ca7964f0f9b89682e8fd2f56c17fb4b3c3de242d4f58d0,2026-09-10 13:30,2
host-a616,unit-lima,c3f9c4a416e9e493005fc3f97adacbcf12956a81cc6c645d255fd023442c8120,c3f9c4a416e9e493005fc3f97adacbcf12956a81cc6c645d255fd023442c8120,2026-09-10 13:30,2
host-a616,unit-lima,buynow_driver.js,bee346d14d293f9f4b989362041875b0257477a77759855e41c2f3cd40a6bed2,2026-09-10 13:30,2
host-a616,unit-lima,edge_driver.js,985d0862ba672e36839438e44cbaf6d18537b53010b778a94bd7d7f2fa85af13,2026-09-10 13:30,2
host-a616,unit-lima,bnpl_driver.js,6c21396c9518fa414ddb4dada2adb09e2d2b2fc5069d89da7e9df2adf2d95287,2026-09-10 13:30,2
host-a616,unit-lima,bnpl.bundle.js,620389d26167bea08e56a90480f74d3dbd32c3e974f4de7a950953663a3fe6a1,2026-09-10 13:30,2
host-a616,unit-lima,app-setup.js,d604ac767e070cf98b235b0281ef932c463fa11bceaf2fbf743bbf33743b0af1,2026-09-10 13:30,2
host-9a4f,unit-bravo,Final_Documents.zip,404ee57531c33156d62154f49e3700c8c1f09cd0c75692f795748d59b9145088,2026-09-10 15:38,1
host-ad7a,unit-quebec,Dash Camera-49600.00.pdf,7505de4759aadebf5e21b2cc0f7f13fccdbec968e3b82be70791197fac3d21bc,2026-09-10 17:06,1
host-916a,unit-romeo,12th Plan Works Dashboard.pdf,5c7fc859c5a8f2bba02446c30020bb2b478686d66b566818c7382c840d95720f,2026-09-11 19:22,1
host-ba01,unit-quebec,mydoc-75.pdf,92e24303edb5f2b6f1bc6c0c375655717eb2227c1622c4a723791aafce33965d,2026-09-12 09:23,1
host-ba01,unit-quebec,mydoc.pdf,d474833503a6404b8106d981c9f0769e4bd97033f45cf424e360b61f659c8cb1,2026-09-12 10:06,1
host-b3df,unit-hotel,recently-used.xbel,5e10b3490160cca0fc872f2b026d4b40bafc236852f83d30c9031899e50adc9c,2026-09-12 13:18,1
host-ba01,unit-quebec,mydoc-9.pdf,7c10f54076fba8141f8ef95a701d0a4bdadfc63a5b98bec16b6b68439ebc3dc7,2026-09-12 16:24,1
host-ba01,unit-quebec,mydoc-10.pdf,5b7914202b30fc7e28ddcd2f82502aa8531035b812ee2194d978b7e920f43066,2026-09-12 16:26,1
host-aedd,unit-alpha,COMPRESSED FINAL COMPARISION RETIREES WELFARE1.xlsx,d4a23078663777e758c04d2670b0d6aac8aa7ba5f91f811c5d94fa6ce8b7ef56,2026-09-14 08:28,4
host-aca0,unit-alpha,Data1.cab,925b63ce20d94bc4a0d98d02d153161dbba9ac61c39ec323ac8a73b2acbde42e,2026-09-14 13:25,1
host-2d83,unit-foxtrot,recently-used.xbel,5e10b3490160cca0fc872f2b026d4b40bafc236852f83d30c9031899e50adc9c,2026-09-16 13:30,1
host-f6a4,unit-oscar,Lakeside traders.docx,c11e86d9e30b5fad8daf1c15c4dbbfd8d31b581a5d930b9c66d996d3bda11a2f,2026-09-17 12:44,2
host-f6a4,unit-oscar,Lakeside traders.pdf,da22b024b1ba07c367e812e3c2f889f60cd3eb9758be906f6d5c231b8b71937b,2026-09-17 12:59,2
host-6ef6,unit-juliett,Microsoft.Practices.EnterpriseLibrary.Common.dll,bde5bba12f076659ab19d3df625dedc7211180038c821b77b431b62647ef231f,2026-09-19 11:15,1
host-58bb,unit-golf,recently-used.xbel,5e10b3490160cca0fc872f2b026d4b40bafc236852f83d30c9031899e50adc9c,2026-09-19 13:18,2
host-4c8d,unit-papa,hp_LJ1020_Full_Solution-v2012_918_1_57980(2).exe,f0c485571570100898f2d15531fbe4531ba303a252cd40a79b64c1976a5a9890,2026-09-21 17:41,1
host-4c8d,unit-papa,hp_LJ1020_Full_Solution-v2012_918_1_57980(1).exe,f0c485571570100898f2d15531fbe4531ba303a252cd40a79b64c1976a5a9890,2026-09-21 18:03,1
host-4c8d,unit-papa,hp_LJ1020_Full_Solution-v2012_918_1_57980(3).exe,f0c485571570100898f2d15531fbe4531ba303a252cd40a79b64c1976a5a9890,2026-09-21 18:03,1
host-4c8d,unit-papa,hp_LJ1020_Full_Solution-v2012_918_1_57980(4).exe,f0c485571570100898f2d15531fbe4531ba303a252cd40a79b64c1976a5a9890,2026-09-21 18:03,1
host-4c8d,unit-papa,hp_LJ1020_Full_Solution-v2012_918_1_57980.exe,f0c485571570100898f2d15531fbe4531ba303a252cd40a79b64c1976a5a9890,2026-09-21 18:03,1
host-e53b,unit-golf,libreoffice-calc.desktop,93ffd792f92437a850e4939c84442391a624e20446cea276fffcfa2a4c664548,2026-09-22 18:25,1
host-19e6,unit-golf,dash cam.pdf,30c78bc9ec28a6e4d47708c309f8c88599c71a0fb379a3b4d75847d0f66ef0ca,2026-09-23 11:41,1
host-e103,unit-delta,Strings.dll,ae107170c153cb3eb34c049482722d3937f2c03a6c23cadb9bbdb9034e28b9c0,2026-09-23 13:20,1
host-e103,unit-delta,launcher.exe,61a67e53c6c0c80a4e95af35a2997ad2ce59720020fc7438991eda3541df73b6,2026-09-23 13:20,1
host-e103,unit-delta,zshp1020s.dll,c6525c5230387653e16f21f408eab8202157b0eddeb180bd91a13e860fbee4f4,2026-09-23 13:20,1
host-a61e,unit-sierra,ops-electron-app.desktop,dd294df9886197bd68807cee3bf62d10859b4860bd95421dda6bb67db9648dd1,2026-09-24 13:32,1
host-a976,unit-bravo,libreoffice-calc.desktop,93ffd792f92437a850e4939c84442391a624e20446cea276fffcfa2a4c664548,2026-09-25 11:34,1
host-0982,unit-golf,Staff_Library_Payment_Final.docx,d831cf990c1445b507ef9fea05a6e483983aa4737fa56fcf650a96af1cee0cd5,2026-09-25 21:13,1
host-2c1e,unit-alpha,libeToken.so.10.7.77,574564cd6ed90f7938ab4967d5802f28cddc38ed1148e42838083ea6553c3be5,2026-09-26 08:17,1
