endpoint_name,unit,dest,hits,first,last,days
host-1063,unit-india,pro.ip-api.com,1,2026-09-10 11:44:47,2026-09-10 11:44:47,1
host-2d83,unit-foxtrot,pro.ip-api.com,1,2026-09-17 12:51:50,2026-09-17 12:51:50,1
host-4a53,unit-india,pro.ip-api.com,2,2026-09-19 15:40:56,2026-09-19 15:55:32,1
host-942d,unit-charlie,pro.ip-api.com,3,2026-09-16 08:33:26,2026-09-16 08:39:13,1
host-aa31,unit-echo,ipinfo.io,10,2026-09-10 10:42:32,2026-09-17 09:12:42,4
host-aca0,unit-alpha,pro.ip-api.com,1,2026-09-11 16:00:12,2026-09-11 16:00:12,1
host-de52,unit-lima,ipinfo.io,9,2026-09-12 10:58:08,2026-09-19 10:56:28,5
host-de52,unit-lima,ipwho.is,7,2026-09-12 10:58:13,2026-09-19 10:56:44,5
host-de52,unit-lima,api.seeip.org,8,2026-09-12 10:58:20,2026-09-19 10:56:44,5
host-2c1e,unit-alpha,anydesk.com,2,2026-09-11 16:54:12,2026-09-13 12:37:49,2
host-9a4f,unit-bravo,relay-adf7714c.net.anydesk.com,1,2026-09-13 11:07:31,2026-09-13 11:07:31,1
host-9a4f,unit-bravo,relay-cdd029e5.net.anydesk.com,1,2026-09-14 11:05:41,2026-09-14 11:05:41,1
host-9a4f,unit-bravo,relay-7ef33ce3.net.anydesk.com,4,2026-09-15 11:07:50,2026-09-19 15:22:23,2
host-9a4f,unit-bravo,relay-59e6d48d.net.anydesk.com,3,2026-09-15 15:44:56,2026-09-19 12:17:11,3
host-9a4f,unit-bravo,relay-c1fb3e6c.net.anydesk.com,1,2026-09-16 14:21:34,2026-09-16 14:21:34,1
host-9a4f,unit-bravo,relay-36d69f98.net.anydesk.com,2,2026-09-19 12:19:46,2026-09-19 13:10:10,1
host-9a4f,unit-bravo,relay-16b80838.net.anydesk.com,2,2026-09-19 15:22:23,2026-09-19 15:33:26,1
host-9a4f,unit-bravo,relay-0b67a95a.net.anydesk.com,2,2026-09-19 15:33:26,2026-09-19 15:35:35,1
host-de52,unit-lima,gr81.cdnexpress.live,17,2026-09-12 10:58:08,2026-09-19 15:44:30,7
host-de52,unit-lima,data-e8.bmtr.org,30,2026-09-12 10:58:36,2026-09-19 12:05:21,7
host-de52,unit-lima,e4.bmtr.org,99,2026-09-12 10:58:36,2026-09-19 11:05:09,7
host-de52,unit-lima,e5.bmtr.org,95,2026-09-12 10:58:36,2026-09-19 11:05:09,7
host-de52,unit-lima,g2.bmtr.org,6,2026-09-12 10:58:36,2026-09-19 15:31:39,2
host-de52,unit-lima,gr21.fastcontent.xyz,9,2026-09-12 10:58:36,2026-09-19 15:44:30,5
host-de52,unit-lima,gr44.cdnaccelerate.xyz,7,2026-09-12 10:59:03,2026-09-19 11:05:09,4
host-de52,unit-lima,e3.bmtr.org,6,2026-09-12 12:42:14,2026-09-12 14:13:04,1
host-de52,unit-lima,at3.cachequick.live,3,2026-09-15 11:19:26,2026-09-19 15:44:28,3
host-de52,unit-lima,ca3.datadistribute.live,3,2026-09-15 11:19:26,2026-09-19 15:44:28,3
host-de52,unit-lima,fr4.speedstream.live,3,2026-09-15 11:19:28,2026-09-19 15:44:30,3
host-de52,unit-lima,hu23.cdnaccelerate.xyz,3,2026-09-15 11:19:28,2026-09-19 15:44:30,3
host-de52,unit-lima,in22.cdnexpress.live,3,2026-09-15 11:19:28,2026-09-19 15:44:32,3
host-de52,unit-lima,is5.cdnnetwork.live,3,2026-09-15 11:19:28,2026-09-19 15:44:32,3
host-de52,unit-lima,it3.fastcontent.live,3,2026-09-15 11:19:28,2026-09-19 15:44:32,3
host-de52,unit-lima,lt29.cachequick.xyz,3,2026-09-15 11:19:30,2026-09-19 15:44:32,3
host-de52,unit-lima,ru6.edgecache.xyz,3,2026-09-15 11:19:30,2026-09-19 15:44:32,3
host-de52,unit-lima,uk1.cachequick.xyz,3,2026-09-15 11:50:21,2026-09-19 16:01:53,3
host-de52,unit-lima,usw11.cdnaccelerate.xyz,3,2026-09-15 11:50:21,2026-09-19 16:01:53,3
host-de52,unit-lima,za8.cacheflow.live,3,2026-09-15 11:50:21,2026-09-19 16:01:53,3
host-de52,unit-lima,sg10.edgeaccelerator.xyz,1,2026-09-17 12:48:49,2026-09-17 12:48:49,1
host-de52,unit-lima,uk22.fastcache.xyz,2,2026-09-17 13:19:24,2026-09-19 16:01:53,2
host-de52,unit-lima,us34.rapidcdn.xyz,2,2026-09-17 13:19:24,2026-09-19 16:01:53,2
