start	end	text
0	5000	England, December 30th, 1942.
5000	8000	Dear mother, dad, and gang.
8000	11000	Though I'm not supposed to tell you where I've been,
11000	17000	I think even the hardest of senses would let a guy tell about Christmas Day as I enjoyed it over here.
17000	20000	I have to start with Christmas Eve.
20000	23000	It was then I opened your various Christmas parcels.
23000	28000	Some of the fellows, the rats, were standing around helping and grabbing.
28000	30000	Hey, what are you up to, guys?
30000	32000	This is my cookie. I like chocolate.
32000	34000	Hey, Charlie, your mother's a swell cook.
34000	35000	Good.
35000	38000	They opened this one, Charlie. It's small, but heavy.
41000	43000	Hey, will you look at that.
43000	45000	This is what I've been yelling for. What is it?
45000	47000	Oh, that's a fucking whetstone.
47000	49000	Isn't that swell? My father said to do that.
49000	52000	Now, I don't care whether I can get new rays of plays or not.
52000	55000	You'd better hang on to that brother of Alfie's wife on it.
55000	57000	I can have anything but my whetstone.
57000	59000	I'm going to hang on to it.
59000	61000	Come in.
61000	63000	That'd be so nice of you to do that.
73000	75000	Hey.
75000	78000	I'm going to have dinner with the queen.
78000	80000	She's been out in the sun for a long time.
80000	82000	That's what the note says.
82000	84000	And it's ambrose.
84000	87000	And I have been chosen as the two American officers
87000	90000	to have Christmas dinner with Queen Mary.
90000	92000	Wow.
96000	98000	It wasn't kidding, mother and dad.
98000	100000	We really were invited.
100000	102000	You know, Mother, you've always told me
102000	106000	it was nice to take along some little thing to your hostess.
106000	108000	So thanks for your Christmas presents,
108000	111000	I was able to put together a small package for the queen.
112000	116000	I admit I hesitated some time over what to put in.
116000	119000	And it was hardly a royal-looking parcel.
119000	124000	A box-labeled perfection paper clip, sick gross.
124000	127000	But I somehow thought the queen wouldn't mind.
127000	130000	Well, when we got there...
130000	133000	Your Majesty, Captain Charles Bedley,
133000	135000	Mr. Ensemblish.
135000	138000	Oh, you Captain Bedley, Mr. Ensemblish.
138000	140000	I'm very glad to see you.
140000	142000	How are you doing, Your Majesty?
142000	144000	It was very nice of you to come.
144000	146000	It was nice of us.
146000	147000	Golly.
147000	149000	I think Christmas is the time
149000	151000	when we all want to be with our families.
151000	153000	But if you come,
153000	156000	well, the next best thing is to be with someone else.
156000	158000	You see?
158000	161000	My family's broken up by the war, too, you know.
161000	163000	Oh, yes.
163000	165000	Yes, I guess that's the problem.
165000	167000	Now, just be in peace.
167000	170000	Will you accept a little gift from me?
170000	172000	Captain Bedley has one for you
172000	175000	and one for you, Mr. Ensemblish.
175000	177000	Thank you, Your Majesty.
177000	180000	Captain Bedley, I see you have a package.
180000	184000	Could that fly any chance to present to me?
184000	186000	Yes, it is, Your Majesty.
186000	188000	You laugh, I guess.
188000	190000	It isn't really paper clip,
190000	192000	but that's the only box I have.
193000	196000	Let's all open our presents together, shall we?
202000	204000	So, it's a gift, Your Majesty.
204000	206000	You need your test on it, Your Majesty.
206000	208000	I've got a silver pen, knife and a pencil.
208000	210000	Oh, well, I'll hang on to these.
210000	213000	Oh, Captain Bedley, how sweet.
213000	216000	You know how long the chopsticks have been here.
216000	219000	And the soap, don't you?
219000	223000	Don't you tell me about this little thing?
223000	225000	Oh, it's a redstone,
225000	228000	sharp and nice and red, the way it is.
228000	230000	I thought that maybe down in the kitchen
230000	232000	or maybe the king had a reason to teach.
232000	235000	Oh, I'm sure it's a very big need.
235000	238000	I know these things are in your Christmas boxes from home
238000	242000	and I think it's very generous of you to share them with me.
242000	243000	How do you like it?
243000	245000	Join the other guests and go into dinner.
245000	249000	Oh, Captain Bedley, you always fit on my list.
249000	253000	I would like to hear about a list of your family
253000	256000	and all the things you do at home.
262000	265000	When Lieutenant Bresch and I left at midnight,
265000	269000	it was as if we'd spent an evening with old friends.
269000	271000	It was great.
271000	273000	Must close now.
273000	275000	Hope you're all well.
275000	278000	Well, darling.
